{"T_star": 3494.0, "R_star": 0.419457, "M_star": 0.413261}